INSERT INTO COURSE 
VALUES (1, 'Computer Architecture', 'CSC');

INSERT INTO COURSE 
VALUES (2, 'VLSI', 'CSC');

INSERT INTO COURSE 
VALUES (3, 'World History', 'HIST');

INSERT INTO COURSE 
VALUES ('CSC11', 'Computer Science 11', 'CSC');

INSERT INTO COURSE 
VALUES ('CSC12', 'Computer Science 12', 'CSC');

INSERT INTO SECTION 
VALUES (1, 4);

INSERT INTO SECTION 
VALUES (3, 1);

INSERT INTO SECTION 
VALUES (2, 3);

INSERT INTO SECTION 
VALUES ('CSC11', 1);

INSERT INTO SECTION 
VALUES ('CSC11', 2);

INSERT INTO SECTION 
VALUES ('CSC11', 3);

INSERT INTO SECTION 
VALUES ('CSC12', 1);

INSERT INTO SECTION 
VALUES ('CSC12', 2);

INSERT INTO SECTION 
VALUES ('CSC12', 3);

INSERT INTO SECTION 
VALUES ('CSC12', 4);

INSERT INTO SECTION 
VALUES ('CSC12', 5);

INSERT INTO STUDENT 
VALUES ('123456789', 'John', 'Smith', 'Howe Ave', 'Sacramento', '12345', 'California');

INSERT INTO STUDENT 
VALUES ('374078526', 'Michael', 'Jordan', 'Franklin Blvd', 'Los Angeles', '57296', 'California');

INSERT INTO STUDENT 
VALUES ('426498309', 'Jenny', 'Mopper', '11th Street', 'Sacramento', '42876', 'California');

INSERT INTO STUDENT 
VALUES ('265975107', 'Brian', 'Hoax', 'Argent Ct', 'Folsom', '95630', 'California');

INSERT INTO ENROLLS 
VALUES ('123456789', 4, 1);

INSERT INTO ENROLLS 
VALUES ('426498309', 1, 3);

INSERT INTO ENROLLS 
VALUES ('265975107', 1, 3);

INSERT INTO ENROLLS 
VALUES ('374078526', 3, 2);

INSERT INTO ENROLLS 
VALUES ('374078526', 1, 'CSC11');

INSERT INTO ENROLLS 
VALUES ('426498309', 1, 'CSC12');

INSERT INTO ENROLLS 
VALUES ('123456789', 2, 'CSC12');

INSERT INTO EXAM 
VALUES (1, 4, 1);

INSERT INTO EXAM 
VALUES (1, 4, 2);

INSERT INTO EXAM 
VALUES (2, 3, 1);

INSERT INTO EXAM 
VALUES (3, 1, 1);

INSERT INTO EXAM 
VALUES (3, 1, 2);

INSERT INTO EXAM 
VALUES (3, 1, 3);

INSERT INTO EXAM 
VALUES (1, 4, 3);

INSERT INTO EXAM 
VALUES (1, 4, 4);

INSERT INTO EXAM 
VALUES ('CSC11', 1, 1);

INSERT INTO EXAM 
VALUES ('CSC11', 2, 1);

INSERT INTO EXAM 
VALUES ('CSC11', 3, 1);

INSERT INTO TAKES 
VALUES ('123456789', 1, 4, 1, 90.5);

INSERT INTO TAKES 
VALUES ('123456789', 1, 4, 2, 95.8);

INSERT INTO TAKES 
VALUES ('374078526', 2, 3, 1, 76.8);

INSERT INTO TAKES 
VALUES ('426498309', 3, 1, 1, 87.3);

INSERT INTO TAKES 
VALUES ('265975107', 3, 1, 1, 87.3);

INSERT INTO CLASS_ROOM 
VALUES (101, 'Grandiose Hall', 85);

INSERT INTO CLASS_ROOM
VALUES (203, 'Grandiose Hall', 100);

INSERT INTO CLASS_ROOM
VALUES (107, 'Riverside Hall', 45);

INSERT INTO CLASS_ROOM
VALUES (110, 'Riverside Hall', 30);

INSERT INTO CLASS_ROOM
VALUES (1002, 'RVR', 75);

INSERT INTO CONDUCTED_IN 
VALUES (101, 'Grandiose Hall', 1, 4, 1);

INSERT INTO CONDUCTED_IN 
VALUES (203, 'Grandiose Hall', 2, 3, 1);

INSERT INTO CONDUCTED_IN 
VALUES (107, 'Riverside Hall', 3, 1, 1);

INSERT INTO CONDUCTED_IN 
VALUES (107, 'Riverside Hall', 3, 1, 2);

INSERT INTO CONDUCTED_IN 
VALUES (110, 'Riverside Hall', 3, 1, 3);